{
  "register": "scientific",
  "calibrated": true,
  "n_texts": 120,
  "note": "Calibrated from 120 human reference texts via build_reference.py.",
  "bands": {
    "sentence_length_mean": {
      "floor": 16.346,
      "ceiling": 33.1723
    },
    "sentence_length_cv": {
      "floor": 0.2285,
      "ceiling": 0.7221
    },
    "mtld": {
      "floor": 46.8683,
      "ceiling": 109.0996
    },
    "ttr": {
      "floor": 0.5074,
      "ceiling": 0.7213
    },
    "hapax_ratio": {
      "floor": 0.6376,
      "ceiling": 0.8106
    },
    "em_dash_rate": {
      "floor": 0.0,
      "ceiling": 0.0
    },
    "comma_rate": {
      "floor": 1.8114,
      "ceiling": 8.6888
    },
    "contraction_rate": {
      "floor": 0.0,
      "ceiling": 0.0
    },
    "rule_of_three": {
      "floor": 0.0,
      "ceiling": 1.1533
    },
    "exclaim": {
      "floor": 0.0,
      "ceiling": 0.0
    },
    "bold": {
      "floor": 0.0,
      "ceiling": 0.0
    },
    "emoji": {
      "floor": 0.0,
      "ceiling": 0.0
    },
    "tell_rate": {
      "floor": 0.0,
      "ceiling": 0.7761
    },
    "transition_density": {
      "floor": 0.0,
      "ceiling": 0.6276
    },
    "structural_opener_rate": {
      "floor": 0.0,
      "ceiling": 0.0468
    },
    "paragraph_cv": {
      "floor": 0.0,
      "ceiling": null
    }
  },
  "function_word_vector": {
    "a": 0.020797,
    "about": 0.000702,
    "above": 0.000248,
    "after": 0.001379,
    "again": 5e-05,
    "against": 0.000154,
    "all": 0.000734,
    "an": 0.005149,
    "and": 0.029855,
    "any": 0.000597,
    "are": 0.006454,
    "as": 0.004339,
    "at": 0.003209,
    "be": 0.004258,
    "because": 0.000396,
    "been": 0.001275,
    "before": 0.000424,
    "being": 0.000202,
    "below": 5e-05,
    "between": 0.001749,
    "both": 0.001272,
    "but": 0.001421,
    "by": 0.0052,
    "can": 0.002288,
    "could": 0.000409,
    "did": 0.000232,
    "do": 8.3e-05,
    "does": 0.000185,
    "doing": 6.1e-05,
    "down": 0.000136,
    "during": 0.000859,
    "each": 0.000201,
    "few": 0.000329,
    "for": 0.010928,
    "from": 0.003918,
    "further": 0.000507,
    "had": 0.000805,
    "has": 0.001772,
    "have": 0.002749,
    "having": 0.000204,
    "he": 0.000213,
    "her": 5.7e-05,
    "here": 0.000485,
    "his": 0.000135,
    "how": 0.00034,
    "i": 0.000444,
    "if": 0.000483,
    "in": 0.022926,
    "into": 0.001203,
    "is": 0.011951,
    "it": 0.001732,
    "its": 0.000831,
    "itself": 3.1e-05,
    "just": 0.000103,
    "more": 0.00131,
    "most": 0.001097,
    "no": 0.001269,
    "not": 0.002277,
    "now": 0.000164,
    "of": 0.043087,
    "off": 0.000143,
    "on": 0.005974,
    "once": 0.00012,
    "only": 0.001097,
    "or": 0.002983,
    "other": 0.001197,
    "our": 0.00221,
    "out": 0.000744,
    "over": 0.000526,
    "own": 9.7e-05,
    "she": 9.3e-05,
    "should": 0.000514,
    "so": 0.000303,
    "some": 0.001235,
    "such": 0.001055,
    "than": 0.001278,
    "that": 0.007895,
    "the": 0.058273,
    "their": 0.001191,
    "them": 0.000535,
    "then": 0.000346,
    "there": 0.001151,
    "these": 0.003724,
    "they": 0.000382,
    "this": 0.006723,
    "those": 0.000894,
    "through": 0.000541,
    "to": 0.0174,
    "too": 3.6e-05,
    "under": 0.000317,
    "until": 7.9e-05,
    "up": 0.000585,
    "very": 0.000461,
    "was": 0.005376,
    "we": 0.010642,
    "were": 0.004885,
    "what": 0.000225,
    "when": 0.001206,
    "where": 0.000395,
    "which": 0.00352,
    "while": 0.000441,
    "who": 0.001465,
    "why": 9.1e-05,
    "will": 0.000608,
    "with": 0.01283,
    "would": 6.8e-05
  }
}
