{
  "register": "journalism",
  "calibrated": true,
  "n_texts": 120,
  "note": "Calibrated from 120 human reference texts via build_reference.py.",
  "bands": {
    "sentence_length_mean": {
      "floor": 16.3797,
      "ceiling": 24.7656
    },
    "sentence_length_cv": {
      "floor": 0.4272,
      "ceiling": 0.7204
    },
    "mtld": {
      "floor": 78.6148,
      "ceiling": 138.2469
    },
    "ttr": {
      "floor": 0.4669,
      "ceiling": 0.6221
    },
    "hapax_ratio": {
      "floor": 0.6589,
      "ceiling": 0.7728
    },
    "em_dash_rate": {
      "floor": 0.2307,
      "ceiling": 1.1943
    },
    "comma_rate": {
      "floor": 4.2372,
      "ceiling": 8.4273
    },
    "contraction_rate": {
      "floor": 0.652,
      "ceiling": 3.1002
    },
    "rule_of_three": {
      "floor": 0.0,
      "ceiling": 1.8398
    },
    "exclaim": {
      "floor": 0.0,
      "ceiling": 0.068
    },
    "bold": {
      "floor": 0.0,
      "ceiling": 0.0
    },
    "emoji": {
      "floor": 0.0,
      "ceiling": 0.0
    },
    "tell_rate": {
      "floor": 0.0,
      "ceiling": 0.2981
    },
    "transition_density": {
      "floor": 0.0,
      "ceiling": 0.019
    },
    "structural_opener_rate": {
      "floor": 0.0,
      "ceiling": 0.0
    },
    "paragraph_cv": {
      "floor": 0.0,
      "ceiling": null
    }
  },
  "function_word_vector": {
    "a": 0.026205,
    "about": 0.002548,
    "above": 4e-05,
    "after": 0.003085,
    "again": 0.000681,
    "against": 0.001436,
    "all": 0.001714,
    "am": 0.000209,
    "an": 0.003835,
    "and": 0.022709,
    "any": 0.000808,
    "are": 0.004139,
    "aren't": 3.9e-05,
    "as": 0.004849,
    "at": 0.005789,
    "be": 0.003798,
    "because": 0.001026,
    "been": 0.002845,
    "before": 0.001287,
    "being": 0.00103,
    "below": 8e-05,
    "between": 0.000401,
    "both": 0.000466,
    "but": 0.0036,
    "by": 0.004137,
    "can": 0.001204,
    "can't": 0.000153,
    "cannot": 0.00014,
    "could": 0.001069,
    "couldn't": 7.3e-05,
    "did": 0.000688,
    "didn't": 0.000295,
    "do": 0.000646,
    "does": 0.000164,
    "doesn't": 0.000187,
    "doing": 7.7e-05,
    "don't": 0.000357,
    "down": 0.000904,
    "during": 0.000946,
    "each": 0.000203,
    "few": 0.000251,
    "for": 0.009602,
    "from": 0.004858,
    "further": 0.000154,
    "had": 0.003199,
    "has": 0.003866,
    "hasn't": 5.5e-05,
    "have": 0.004297,
    "haven't": 3e-05,
    "having": 0.000195,
    "he": 0.008596,
    "her": 0.002066,
    "here": 0.000385,
    "herself": 2.6e-05,
    "him": 0.00136,
    "himself": 0.000283,
    "his": 0.005586,
    "how": 0.000527,
    "i": 0.003155,
    "if": 0.000978,
    "in": 0.024395,
    "into": 0.001277,
    "is": 0.008117,
    "isn't": 3.9e-05,
    "it": 0.005341,
    "it's": 0.000898,
    "its": 0.000948,
    "itself": 5.3e-05,
    "just": 0.001089,
    "me": 0.000555,
    "more": 0.001718,
    "most": 0.000553,
    "my": 0.00081,
    "myself": 4.5e-05,
    "no": 0.001492,
    "nor": 3.8e-05,
    "not": 0.003417,
    "now": 0.001065,
    "of": 0.022822,
    "off": 0.000771,
    "on": 0.008972,
    "once": 0.000546,
    "only": 0.000849,
    "or": 0.001693,
    "other": 0.000939,
    "our": 0.000802,
    "ours": 1.3e-05,
    "out": 0.001624,
    "over": 0.001393,
    "own": 0.000324,
    "she": 0.001851,
    "should": 0.000438,
    "so": 0.000995,
    "some": 0.001167,
    "such": 0.000331,
    "than": 0.001199,
    "that": 0.009185,
    "the": 0.061915,
    "their": 0.002353,
    "them": 0.000968,
    "then": 0.000779,
    "there": 0.001684,
    "these": 0.000316,
    "they": 0.002928,
    "this": 0.00369,
    "those": 0.000546,
    "through": 0.000647,
    "to": 0.027788,
    "too": 0.000228,
    "under": 0.000546,
    "until": 0.000236,
    "up": 0.001748,
    "very": 0.000673,
    "was": 0.009504,
    "wasn't": 9.5e-05,
    "we": 0.003002,
    "were": 0.003643,
    "weren't": 1.3e-05,
    "what": 0.001152,
    "when": 0.00228,
    "where": 0.001024,
    "which": 0.0023,
    "while": 0.000738,
    "who": 0.003069,
    "whom": 8.2e-05,
    "why": 0.000241,
    "will": 0.00295,
    "with": 0.006124,
    "won't": 7.1e-05,
    "would": 0.001529,
    "you": 0.001283,
    "your": 0.000471,
    "yourself": 2.7e-05
  }
}
