{
  "register": "spontaneous",
  "calibrated": true,
  "n_texts": 120,
  "note": "Calibrated from 120 human reference texts via build_reference.py.",
  "bands": {
    "sentence_length_mean": {
      "floor": 9.6642,
      "ceiling": 26.1983
    },
    "sentence_length_cv": {
      "floor": 0.3785,
      "ceiling": 0.7568
    },
    "mtld": {
      "floor": 66.3972,
      "ceiling": 147.3987
    },
    "ttr": {
      "floor": 0.5971,
      "ceiling": 0.7894
    },
    "hapax_ratio": {
      "floor": 0.7146,
      "ceiling": 0.8537
    },
    "em_dash_rate": {
      "floor": 0.0,
      "ceiling": 0.1292
    },
    "comma_rate": {
      "floor": 1.6279,
      "ceiling": 7.3031
    },
    "contraction_rate": {
      "floor": 0.4492,
      "ceiling": 4.3394
    },
    "rule_of_three": {
      "floor": 0.0,
      "ceiling": 0.8425
    },
    "exclaim": {
      "floor": 0.0,
      "ceiling": 3.4692
    },
    "bold": {
      "floor": 0.0,
      "ceiling": 0.0
    },
    "emoji": {
      "floor": 0.0,
      "ceiling": 0.0
    },
    "tell_rate": {
      "floor": 0.0,
      "ceiling": 0.2877
    },
    "transition_density": {
      "floor": 0.0,
      "ceiling": 0.1947
    },
    "structural_opener_rate": {
      "floor": 0.0,
      "ceiling": 0.0423
    },
    "paragraph_cv": {
      "floor": 0.0,
      "ceiling": null
    }
  },
  "function_word_vector": {
    "a": 0.027069,
    "about": 0.003352,
    "above": 0.00013,
    "after": 0.000965,
    "again": 0.001297,
    "against": 0.000112,
    "all": 0.003675,
    "am": 0.001012,
    "an": 0.002455,
    "and": 0.030818,
    "any": 0.00127,
    "are": 0.005717,
    "aren't": 0.000127,
    "as": 0.004208,
    "at": 0.005095,
    "be": 0.004618,
    "because": 0.002096,
    "been": 0.002497,
    "before": 0.000714,
    "being": 0.000804,
    "below": 0.0001,
    "between": 0.00036,
    "both": 0.000514,
    "but": 0.007723,
    "by": 0.002679,
    "can": 0.001865,
    "can't": 0.001417,
    "cannot": 0.000139,
    "could": 0.002087,
    "couldn't": 0.000618,
    "did": 0.001356,
    "didn't": 0.001109,
    "do": 0.001919,
    "does": 0.000637,
    "doesn't": 0.000498,
    "doing": 0.000401,
    "don't": 0.001313,
    "down": 0.000839,
    "during": 0.000348,
    "each": 0.000236,
    "few": 0.000494,
    "for": 0.010074,
    "from": 0.002909,
    "further": 0.000186,
    "had": 0.004661,
    "hadn't": 0.000107,
    "has": 0.002007,
    "have": 0.006622,
    "haven't": 0.000151,
    "having": 0.000664,
    "he": 0.002804,
    "her": 0.002043,
    "here": 0.001263,
    "herself": 0.000177,
    "him": 0.001588,
    "himself": 0.000144,
    "his": 0.002217,
    "how": 0.000645,
    "i": 0.024856,
    "if": 0.003226,
    "in": 0.014563,
    "into": 0.000801,
    "is": 0.015215,
    "isn't": 0.000369,
    "it": 0.015242,
    "it's": 0.002075,
    "its": 0.001129,
    "itself": 0.000192,
    "just": 0.003882,
    "me": 0.003241,
    "more": 0.001724,
    "most": 0.000968,
    "my": 0.00652,
    "myself": 0.000278,
    "no": 0.002539,
    "nor": 0.000179,
    "not": 0.005038,
    "now": 0.001109,
    "of": 0.018974,
    "off": 0.000725,
    "on": 0.00695,
    "once": 0.000493,
    "only": 0.002336,
    "or": 0.00256,
    "other": 0.001169,
    "our": 0.001442,
    "out": 0.002463,
    "over": 0.00152,
    "own": 0.000467,
    "she": 0.001278,
    "should": 0.000872,
    "so": 0.003642,
    "some": 0.002907,
    "such": 0.000312,
    "than": 0.001818,
    "that": 0.009953,
    "the": 0.053856,
    "their": 0.001534,
    "them": 0.001563,
    "then": 0.001147,
    "there": 0.003152,
    "these": 0.00039,
    "they": 0.00545,
    "this": 0.012985,
    "those": 0.000652,
    "through": 0.000569,
    "to": 0.026125,
    "too": 0.001955,
    "under": 0.000242,
    "until": 0.00012,
    "up": 0.00231,
    "very": 0.003606,
    "was": 0.015748,
    "wasn't": 0.00057,
    "we": 0.003372,
    "were": 0.00356,
    "weren't": 5.7e-05,
    "what": 0.002806,
    "when": 0.002397,
    "where": 0.000452,
    "which": 0.001728,
    "while": 0.000935,
    "who": 0.002217,
    "whom": 0.000118,
    "why": 0.000396,
    "will": 0.001296,
    "with": 0.007428,
    "won't": 0.000172,
    "would": 0.002476,
    "you": 0.005929,
    "your": 0.0016,
    "yourself": 0.000298
  }
}
