{
  "register": "literary",
  "calibrated": true,
  "n_texts": 120,
  "note": "Calibrated from 120 human reference texts via build_reference.py.",
  "bands": {
    "sentence_length_mean": {
      "floor": 8.4891,
      "ceiling": 20.1154
    },
    "sentence_length_cv": {
      "floor": 0.4518,
      "ceiling": 0.9492
    },
    "mtld": {
      "floor": 65.9075,
      "ceiling": 134.7712
    },
    "ttr": {
      "floor": 0.4994,
      "ceiling": 0.6772
    },
    "hapax_ratio": {
      "floor": 0.675,
      "ceiling": 0.8052
    },
    "em_dash_rate": {
      "floor": 0.0,
      "ceiling": 1.7109
    },
    "comma_rate": {
      "floor": 2.8156,
      "ceiling": 9.1667
    },
    "contraction_rate": {
      "floor": 0.2543,
      "ceiling": 4.9564
    },
    "rule_of_three": {
      "floor": 0.0,
      "ceiling": 1.01
    },
    "exclaim": {
      "floor": 0.0,
      "ceiling": 1.999
    },
    "bold": {
      "floor": 0.0,
      "ceiling": 1.0726
    },
    "emoji": {
      "floor": 0.0,
      "ceiling": 0.0
    },
    "tell_rate": {
      "floor": 0.0,
      "ceiling": 0.2221
    },
    "transition_density": {
      "floor": 0.0,
      "ceiling": 0.0823
    },
    "structural_opener_rate": {
      "floor": 0.0,
      "ceiling": 0.0
    },
    "paragraph_cv": {
      "floor": 0.0,
      "ceiling": null
    }
  },
  "function_word_vector": {
    "a": 0.022898,
    "about": 0.00215,
    "above": 0.000166,
    "after": 0.000982,
    "again": 0.002025,
    "against": 0.000422,
    "all": 0.004267,
    "am": 0.000811,
    "an": 0.002552,
    "and": 0.024246,
    "any": 0.000753,
    "are": 0.002703,
    "as": 0.006675,
    "at": 0.004918,
    "be": 0.004612,
    "because": 0.000886,
    "been": 0.002988,
    "before": 0.001547,
    "being": 0.000845,
    "below": 0.000119,
    "between": 0.000248,
    "both": 0.000435,
    "but": 0.005754,
    "by": 0.00227,
    "can": 0.002293,
    "could": 0.003079,
    "did": 0.002526,
    "do": 0.00468,
    "does": 0.000575,
    "doing": 0.000436,
    "down": 0.001675,
    "during": 0.000144,
    "each": 0.000489,
    "few": 0.000637,
    "for": 0.007518,
    "from": 0.004496,
    "further": 4.6e-05,
    "had": 0.006301,
    "has": 0.000956,
    "have": 0.00478,
    "having": 0.00024,
    "he": 0.010018,
    "her": 0.004148,
    "here": 0.001656,
    "hers": 2.9e-05,
    "herself": 0.000113,
    "him": 0.003056,
    "himself": 0.000818,
    "his": 0.007101,
    "how": 0.001967,
    "i": 0.027501,
    "if": 0.002576,
    "in": 0.012811,
    "into": 0.002066,
    "is": 0.007263,
    "it": 0.01273,
    "it's": 0.002379,
    "its": 0.000923,
    "itself": 9e-05,
    "just": 0.003903,
    "me": 0.006,
    "more": 0.002076,
    "most": 0.000768,
    "my": 0.010118,
    "myself": 0.000642,
    "no": 0.004184,
    "nor": 0.000129,
    "not": 0.004001,
    "now": 0.002467,
    "of": 0.018881,
    "off": 0.001394,
    "on": 0.005704,
    "once": 0.000947,
    "only": 0.001601,
    "or": 0.002213,
    "other": 0.000966,
    "our": 0.002311,
    "ours": 4.1e-05,
    "out": 0.003673,
    "over": 0.001438,
    "own": 0.000661,
    "she": 0.003434,
    "should": 0.000706,
    "so": 0.003462,
    "some": 0.001552,
    "such": 0.000337,
    "than": 0.000714,
    "that": 0.010709,
    "the": 0.051982,
    "their": 0.002248,
    "theirs": 2.7e-05,
    "them": 0.002089,
    "then": 0.002446,
    "there": 0.002674,
    "these": 0.000942,
    "they": 0.004683,
    "this": 0.005116,
    "those": 0.000987,
    "through": 0.001364,
    "to": 0.025155,
    "too": 0.001038,
    "under": 0.000359,
    "until": 0.00087,
    "up": 0.003849,
    "very": 0.000633,
    "was": 0.013103,
    "we": 0.004617,
    "were": 0.003442,
    "what": 0.004982,
    "when": 0.00233,
    "where": 0.000942,
    "which": 0.000884,
    "while": 0.000621,
    "who": 0.001636,
    "whom": 5.9e-05,
    "why": 0.001106,
    "will": 0.002077,
    "with": 0.005427,
    "would": 0.002342,
    "you": 0.011689,
    "your": 0.002602,
    "yourself": 3.5e-05
  }
}
