{
  "register": "social-media",
  "calibrated": true,
  "n_texts": 120,
  "note": "Calibrated from 120 human reference texts via build_reference.py.",
  "bands": {
    "sentence_length_mean": {
      "floor": 13.1713,
      "ceiling": 27.4793
    },
    "sentence_length_cv": {
      "floor": 0.3151,
      "ceiling": 0.8829
    },
    "mtld": {
      "floor": 64.3993,
      "ceiling": 134.2073
    },
    "ttr": {
      "floor": 0.5437,
      "ceiling": 0.82
    },
    "hapax_ratio": {
      "floor": 0.6745,
      "ceiling": 0.856
    },
    "em_dash_rate": {
      "floor": 0.0,
      "ceiling": 0.1041
    },
    "comma_rate": {
      "floor": 1.6623,
      "ceiling": 7.4705
    },
    "contraction_rate": {
      "floor": 0.6182,
      "ceiling": 4.5375
    },
    "rule_of_three": {
      "floor": 0.0,
      "ceiling": 0.782
    },
    "exclaim": {
      "floor": 0.0,
      "ceiling": 0.6698
    },
    "bold": {
      "floor": 0.0,
      "ceiling": 0.0
    },
    "emoji": {
      "floor": 0.0,
      "ceiling": 0.1447
    },
    "tell_rate": {
      "floor": 0.0,
      "ceiling": 0.4733
    },
    "transition_density": {
      "floor": 0.0,
      "ceiling": 0.0971
    },
    "structural_opener_rate": {
      "floor": 0.0,
      "ceiling": 0.0096
    },
    "paragraph_cv": {
      "floor": 0.0,
      "ceiling": null
    }
  },
  "function_word_vector": {
    "a": 0.032514,
    "about": 0.003869,
    "above": 0.000154,
    "after": 0.00107,
    "again": 0.000489,
    "against": 0.000494,
    "all": 0.003138,
    "am": 0.000973,
    "an": 0.002939,
    "and": 0.027505,
    "any": 0.002501,
    "are": 0.005715,
    "aren't": 0.000575,
    "as": 0.005522,
    "at": 0.005202,
    "be": 0.005803,
    "because": 0.003128,
    "been": 0.001891,
    "before": 0.001128,
    "being": 0.001486,
    "below": 0.000192,
    "between": 0.000422,
    "both": 0.000727,
    "but": 0.007488,
    "by": 0.002196,
    "can": 0.003428,
    "can't": 0.000675,
    "cannot": 0.000232,
    "could": 0.001529,
    "couldn't": 0.000336,
    "did": 0.000975,
    "didn't": 0.001027,
    "do": 0.002845,
    "does": 0.000488,
    "doesn't": 0.000731,
    "doing": 0.000233,
    "don't": 0.00282,
    "down": 0.000907,
    "during": 0.000203,
    "each": 0.000624,
    "few": 0.001025,
    "for": 0.009102,
    "from": 0.004168,
    "further": 6.1e-05,
    "had": 0.003647,
    "hadn't": 5e-05,
    "has": 0.001919,
    "hasn't": 9.1e-05,
    "have": 0.0058,
    "haven't": 8.7e-05,
    "having": 0.000793,
    "he": 0.006136,
    "her": 0.002939,
    "here": 0.001133,
    "herself": 0.00011,
    "him": 0.001569,
    "himself": 9.3e-05,
    "his": 0.003342,
    "how": 0.001451,
    "i": 0.020908,
    "if": 0.004495,
    "in": 0.014446,
    "into": 0.002313,
    "is": 0.013378,
    "isn't": 0.000432,
    "it": 0.011518,
    "it's": 0.002579,
    "its": 0.00084,
    "itself": 0.000317,
    "just": 0.004213,
    "me": 0.003377,
    "more": 0.003747,
    "most": 0.001271,
    "my": 0.007302,
    "myself": 0.000556,
    "no": 0.002074,
    "nor": 2.1e-05,
    "not": 0.005976,
    "now": 0.001656,
    "of": 0.016334,
    "off": 0.001265,
    "on": 0.005549,
    "once": 0.000616,
    "only": 0.002164,
    "or": 0.003861,
    "other": 0.002403,
    "our": 0.000554,
    "out": 0.00338,
    "over": 0.001739,
    "own": 0.000398,
    "she": 0.002113,
    "should": 0.000818,
    "so": 0.006214,
    "some": 0.002816,
    "such": 0.000662,
    "than": 0.001962,
    "that": 0.013402,
    "the": 0.042475,
    "their": 0.002358,
    "them": 0.003622,
    "then": 0.002054,
    "there": 0.002775,
    "these": 0.00114,
    "they": 0.00641,
    "this": 0.007146,
    "those": 0.000882,
    "through": 0.001156,
    "to": 0.029967,
    "too": 0.001208,
    "under": 6.9e-05,
    "until": 0.000478,
    "up": 0.003652,
    "very": 0.001228,
    "was": 0.009082,
    "wasn't": 0.000406,
    "we": 0.004544,
    "were": 0.002164,
    "weren't": 7.2e-05,
    "what": 0.002806,
    "when": 0.003231,
    "where": 0.001183,
    "which": 0.001278,
    "while": 0.00134,
    "who": 0.002121,
    "whom": 0.000115,
    "why": 0.000746,
    "will": 0.002268,
    "with": 0.007617,
    "won't": 0.000449,
    "would": 0.002825,
    "you": 0.010662,
    "your": 0.004555,
    "yourself": 0.000266
  }
}
